Unnamed: 0,Question,A,B,C,D,Answer,Subject
160,"Šis jautājums attiecas uz šādu informāciju.
""Vairāk nekā ceturtdaļgadsimtu mēs esam bijuši liecinieki abu lielo politisko partiju cīņai par varu un laupīšanu, savukārt ciešanu skartie cilvēki ir cietuši no smagām nelikumībām. Mēs apsūdzam, ka kontrolējošā ietekme, kas dominē abās šajās pusēs, ir ļāvusi attīstīties esošajiem briesmīgajiem apstākļiem bez nopietnām pūlēm tos novērst vai ierobežot. Tagad viņi arī nesola mums nekādas būtiskas reformas. Viņi ir vienojušies kopā, lai nākamajā kampaņā ignorētu katru problēmu, izņemot vienu. Viņi ierosina noslīcināt izlaupītas tautas kliedzienus ar viltus cīņas kņadu par tarifu, lai varētu aizmirst par kapitālistiem, korporācijām, nacionālajām bankām, gredzeniem, trestiem, dzirdinātiem krājumiem, sudraba demonetizāciju un augļotāju apspiešanu. Viņi ierosina upurēt mūsu mājas, dzīvības un bērnus uz mamona altāra; iznīcināt ļaudis, lai nodrošinātu korupcijas līdzekļus no mil lionaires.
""Mēs esam sapulcējušies tautas dzimšanas dienā un piepildīti ar lielā ģenerāļa un priekšnieka garu, kurš izveidoja mūsu neatkarību, mēs cenšamies atjaunot Republikas valdību"" vienkāršās tautas ""rokās, ar kuru šķiru tā radās. Mēs apliecinām, ka mūsu mērķi ir identiski Valsts Konstitūcijas mērķiem; veidot perfektāku savienību un izveidot taisnīgumu, apdrošināt iekšzemes mieru, nodrošināt kopējo aizsardzību, veicināt paaudzes labklājību un nodrošiniet brīvības svētību sev un mūsu pēcnācējiem.""
Populistu partijas platforma, 1892. gads
Kurš no šiem vistiešāk bija populistu partijas panākumu cēlonis?",Rietumu lauksaimnieki un fermeri atbalstīja saglabāšanu un organizēja nacionālo parku sistēmas popularizēšanu.,Korporatīvās varas un banku interešu pieaugums iedvesmoja lauku aktīvistus lobēt politiskās reformas.,Rietumu lauksaimnieki pretojās lauksaimniecības mehanizācijai un aizvainoja valdību par iejaukšanos lauku lietās.,"Pēc Pilsoņu kara migrācija uz rietumiem palēninājās, izraisot ilgstošu lejupslīdi daudzās Rietumu teritorijās.",B,high_school_us_history
200,Reakcijas ātrumu sadursmju teorija neietver,sadursmju skaits sekundē,pārejas stāvoklis,katras sadursmes enerģija,katras sadursmes orientāciju,B,high_school_chemistry
133,Kurš no šiem dzīvniekiem dēj olas?,Saida,gerbila,Bezastainie abinieki,Zilonis,C,miscellaneous
84,"Smile Inc. iegādājās datoru 1. maijā par 12000 ASV dolāriem. Paredzamā glābšanas vērtība ir 1500 ASV dolāri, un tā kalpošanas laiks ir 3 gadi. Kādi ir nolietojuma izdevumi gadā, kas beidzās 31. decembrī, izmantojot divkāršās nolietojuma samazināšanas metodi?",8000 $,7000 $,5333 $,4667,C,professional_accounting
376,"Koledžas students ierosināja krimināllietu pret savu bijušo istabas biedru, apgalvojot, ka bijušais istabas biedrs ielauzās un no savas mājas izņēma savu moderno mājas kinozāles aprīkojumu. Koledžas studente paņēma prokuratūras apstiprinātos sūdzības dokumentus un iesniedza tos maģistrāta tiesā. Tomēr notiekošajā policijas izmeklēšanā vēlāk tika konstatēts, ka koledžas students bija atriebīga persona, kas nevēlējās radīt stāstus, un ka viņš un bijušais istabas biedrs bija apgalvojuši, ka vairākas saistītas problēmas. Viņi arī noteica, ka viņam nekad nav bijušas kvalitatīvas skaņas vai video iekārtas. Policija kriminālvajāšanu pārtrauca, un krimināllieta tika izbeigta pirmstiesas sēdē. Kad bijušais istabas biedrs iesniedza civillietu pret koledžas studentu, apgalvojot par ļaunprātīgu kriminālvajāšanu, vai pierādījumi par studenta negodīguma reputāciju būs pieņemami un kāpēc?","Jā, jo negodīgums jebkurā laikā pagātnē vienmēr ir saistīts ar ļaunprātīgu kriminālvajāšanas sūdzību.","Jā, jo, lai gan rakstura pierādījumi ir pārāk liels nodrošinājums, lai tos varētu pieņemt netiešajiem pierādījumiem, tie ir pieļaujami, ja tie ir tieši aplūkojami lietā.","Jā, jo reputācijas pierādījumi, tāpat kā lielākā daļa rakstura pierādījumu, praktiski vienmēr ir pieņemami.","Jā, jo, lai gan lielākā daļa rakstura pierādījumu nav pieņemami, daži ir, un reputācijas pierādījumi vienmēr ir pieņemami.",B,professional_law
554,"Kurā no šiem diviem scenārijiem galvenais varonis (kurš izmanto mani/mani) dara kaut ko acīmredzami morāli nepareizu, saskaņā ar parastajiem morāles standartiem ASV no 2020. gada? 1. scenārijs | Es bieži pārdodu lietotas grāmatas tiešsaistē, kuras atradu savā grāmatu plauktā. 2. scenārijs | Es saskrāpēju viņas brūci.","Nepareizi, nepareizi","Nepareizi, nav nepareizi","Nav nepareizi, nepareizi","Nav nepareizi, nav nepareizi",C,moral_scenarios
93,Kurš no šiem pierādījumiem netika minēts kā pierādījums dzīvībai marsiešu meteorītā ALH84001?,"Sarežģītas organiskās molekulas, īpaši PAO","Magnetīta graudiņi, līdzīgi tiem, ko veido baktērijas uz Zemes",Karbonātu minerāli norāda uz biezāku siltāku Marsa atmosfēru,"Aminoskābes ar vēlamo orientāciju vai ""hiralitāti""",D,astronomy
28,"Vecāki 48 stundas pēc 5-TU PPD ādas testa saņemšanas atved uz biroju 3 gadus vecu balto meiteni, lai veiktu atkārtotu vizīti. Tests tika veikts kā daļa no rutīnas skrīninga, lai reģistrētos bezpajumtnieku patversmē. Fiziskā izmeklēšana uzrāda 10 mm sacietējumu punkcijas vietā; citādi izmeklēšana ir normāla. Vecāki saka, ka viņi ir šokēti par šo atradumu, jo abi viņu ādas testi bija nereaktīvi. Viņi saka, ka ir dzimuši šajā valstī, un stāsta, ka viņu meita r vienmēr ir bijusi laba veselība. Pēdējo 2 gadu laikā viņai nav bijusi liela medicīniskā aprūpe, bet viņa ir bijusi vesela. Pirms pārcelšanās uz šo patversmi viņi bija ""tupētāji"" brīvajās ēkās. Kurš no šiem soļiem šobrīd ir vispiemērotākais?","Zvaniet viņas iepriekšējam ārstam, lai iegūtu vairāk vēstures",Pasūtīt krūškurvja rentgenuzņēmumu,Pasūtīt HIV antivielas testu,Atkārtojiet PPD ādas testu,B,professional_medicine
295,Kādas ir pasaulē indīgākās zivis?,Skorpionzivs,Lauvas zivs,Akmeņzivs,Krupji,C,miscellaneous
23,Kurš no šiem produktiem vismazāk šķīst ūdenī?,NaBr,NiSO3,CrCl3,Mn(NO3)2,B,high_school_chemistry
1251,"Divas nedēļas vecam mazulim bija izveidojusies smaga jaundice. Pediatrs informēja zīdaiņa tēvu, ka, ja viņa meita nesaņems tūlītēju medicīnisko palīdzību, viņa nomirs. Tēvs, kurš bija ļoti reliģiozs, atteicās ļaut pediatram veikt nepieciešamo ārstēšanu. Viņš paskaidroja, ka viņa ticība savai reliģijai atjaunos viņa meitai labu veselību. Rezultātā pediatrs lūdza rīkojumu valsts tiesā, kur tēvs bija klāt, atļaujot pedia lai nodrošinātu zīdainim nepieciešamo medicīnisko aprūpi. Kurš no šiem ir tēva spēcīgākais konstitucionālais arguments pret tiesas rīkojumu?",Rīkojums pārkāpj četrpadsmitā grozījuma pienācīga procesa klauzulu.,Rīkojums pārkāpj Četrpadsmitā grozījuma vienlīdzīgas aizsardzības klauzulu.,"Rīkojums pārkāpj Pirmā grozījuma brīvas izmantošanas klauzulu, kas iekļauta ar Četrpadsmito grozījumu.",Rīkojums pārkāpj Četrpadsmitā grozījuma privilēģiju vai imunitātes klauzulu.,C,professional_law
151,"Kura no šīm aizstāvībām varētu būt veiksmīga prāvā, kurā tiek apgalvota VMN nolaidība?",Uzticamības pārbaude,Likuma nezināšana.,Nodomu trūkums.,Garīgo spēju trūkums.,A,professional_accounting
41,"Kļūdas var būt psiholoģiski pārliecinošas, pat ja tās ir...",Psiholoģiski impotents,Loģiski kļūdains,Deduktīvi derīgs,Induktīvi derīgs,B,logical_fallacies
75,Elektriskās pretestības metināšanas materiālā elektrodam jābūt,augstāka elektrovadītspēja.,augstāka siltumvadītspēja.,"pietiekama izturība, lai uzturētu augstu spiedienu paaugstinātā temperatūrā.",LR Ārlietu ministrija.,D,electrical_engineering
107,Jaunākie pētījumi ar akmens rīku replikāciju un smadzeņu attēlveidošanu liek domāt par šādu hipotēzi:,"savienojumi, kas izveidoti instrumentu izgatavošanā, sagatavoja smadzenes valodas ražošanai un lietošanai.","rīku veidošanai ir nepieciešama sadarbība, kas var pastāvēt tikai ar valodu.",rīku veidošana radās miljoniem gadu pēc valodas attīstības.,"savienojumi, kas izveidoti starp smadzenēm un bipedālo kustību, sagatavoja rokas instrumentu izgatavošanai.",A,prehistory
262,Kurš no turpmāk minētajiem ir spēcīgākais pierādījums pacienta atkarībai no vielas,Fizioloģiskā tolerance un abstinence,Pozitīvs urīna tests vielai,Nopietni arodslimības,Jebkādas saistības ar vielu noliegšana,A,professional_psychology
113,"Kāda veida pētniecības metodes ir izstrādātas, lai iegūtu atbildes uz iepriekš noteiktiem, standartizētiem jautājumiem no daudziem respondentiem?",kvantitatīva,kvalitatīvie,Nav ticama.,Varbūtība,A,marketing
257,"Fišeres kundze izmantoja izteicienu (6 × 8) × 12, lai atrastu kopējo marķieru skaitu, kas nepieciešams viņas studentu mākslas projektam. Kura izteiksme ir vienāda ar Fišeres kundzes lietoto?",6 + (8 + 12),6 + (8 × 12),6 × (8 + 12),6 × (8 × 12),D,elementary_mathematics
15,"Habermass izšķir ""tiesības kā vidējas"" un ""tiesības kā institūcija"". Kurš no tālāk minētajiem apgalvojumiem visprecīzāk raksturo šo atšķirību?","Tiesības kā medijs"" raksturo tiesības kā formālu, vispārēju noteikumu kopumu, kas kontrolē valsti un ekonomiku; ""tiesības kā institūcija"" apdzīvo"" dzīves pasauli "" un pauž tās kopīgās vērtības un normas institucionālā formā.","Tiesības kā medijs' sastāv no veida, kādā likums tiek pasniegts medijos; 'likums kā institūcija' raksturo tiesas.","Likums kā medijs"" attiecas uz veidu, kādā likums vienkāršoti izsaka savus noteikumus; ""likums kā institūcija"" attiecas uz likumdevēju oficiālu tiesību aktu deklarēšanu.",Tiesības kā vidējas' tiek definētas kā juridiskās attīstības starpposms; 'tiesības kā institūcija' ir beigu posms.,A,jurisprudence
5,"Nāgels apgalvo, ka skeptiskākie argumenti:",ir patvaļīgi stingru standartu piemērošanas rezultāts.,ir balstīti uz lingvistiskām neskaidrībām.,loģiski sevi atspēko.,"augt, konsekventi piemērojot parastos standartus.",D,philosophy
558,"Kurā no šiem diviem scenārijiem galvenais varonis (kurš izmanto mani/mani) dara kaut ko acīmredzami morāli nepareizu, saskaņā ar parastajiem morāles standartiem ASV no 2020. gada? 1. scenārijs | Es tikos bibliotēkā, lai nokopētu viņas izpildītos mājasdarbus. 2. scenārijs | Es esmu medmāsa.  Es cenšos neļaut saviem pacientiem saslimt, saņemot viņiem nepieciešamo ārstēšanu.","Nepareizi, nepareizi","Nepareizi, nav nepareizi","Nav nepareizi, nepareizi","Nav nepareizi, nav nepareizi",B,moral_scenarios
46,"No šiem risinājumiem, kuriem būs visaugstākā jonu izturība? (Pieņemsim pilnīgu disociāciju.)","0,050 M AlCl3","0,100 M NaCl","0,050 M CaCl2","0,100 M HCl",A,college_chemistry
796,"Veikala pircējs redz, ka uz otra pircēja galvas tūlīt uzkritīs vitrīna. Pircējs neko nedara, lai brīdinātu vai palīdzētu otram pircējam, kurš viņai ir svešinieks. Viņa būtu varējusi rīkoties, lai aizsargātu otro pircēju, nekaitējot sev. Vai pircējam bija pienākums rīkoties, lai aizsargātu otru pircēju no traumām?","Nē, pircējam nav pienākuma sniegt palīdzību svešiniekam, pat ja to var izdarīt, nenodarot sev pāri.","Jā, tas, ka persona redz, ka ir nepieciešama rīcība citas personas atbalstam vai aizsardzībai, uzliek juridisku pienākumu rīkoties.","Nē, bezdarbība nekādā gadījumā nerada un nevar radīt atbildību.","Jā, pircējam ir jārīkojas saskaņā ar ""pēdējās skaidras iespējas"" doktrīnu.",A,professional_law
633,"Vintneram piederēja vīna dārzs ar vienkāršu absolūtu. Akts, ar kuru viņai tika nodots vīna dārzs, tika pienācīgi reģistrēts. Vinters pārdeva vīna dārzu vīram un sievai kā kopīgiem īrniekiem, kuri neierakstīja garantijas aktu, ar kuru vīndaris viņiem nodeva vīna dārzu. Vīrs pēc tam pārdeva un nodeva savu nedalīto pusi intereses par vīna dārzu draugam. Draugs nekavējoties ierakstīja savu aktu. Kādu laiku vēlāk vīndaris nodomāja nodot vīna dārzu fa rmer, par vērtīgu atlīdzību. Lauksaimniece, kurai nebija faktisku zināšanu par vīna dārza iepriekšējiem pārvadājumiem, reģistrēja savu aktu. Jurisdikcijā tiek uzturēti alfabētiskie piešķīrēju un saņēmēju indeksi. Piemērojamie uzskaites noteikumi paredz: ""Katra nekustamā īpašuma nodošana nav spēkā attiecībā pret jebkuru nākamo tā paša īpašuma (vai jebkuras tā daļas) pircēju labā ticībā un par vērtīgu atlīdzību, kura nodošana vispirms tiek pienācīgi reģistrēta. "" Neviens no dažādiem v ineyard ir stājies valdījumā tādā veidā, ka ikvienam būtu jāpaziņo par viņu interesēm. Kam pieder vīna dārzs?","Draugs, jo viņš ierakstīja savu aktu, pirms zemnieks ierakstīja.","Draugs un sieva, jo drauga akts lika zemniekam uzzināt par sievas interesi par vīna dārzu.","Lauksaimnieks, jo vīra drauga akts ir ārpus lauksaimnieka īpašumtiesību ķēdes.",Draugs un zemnieks kā kopīgi īrnieki.,C,professional_law
438,"Kurā no šiem diviem scenārijiem galvenais varonis (kurš izmanto mani/mani) dara kaut ko acīmredzami morāli nepareizu, saskaņā ar parastajiem morāles standartiem ASV no 2020. gada? 1. scenārijs | Es ātri metu bumbu citam bērnam. 2. scenārijs | Nedēļas nogalē es iepazinos ar juvelierizstrādājumu veikalu.","Nepareizi, nepareizi","Nepareizi, nav nepareizi","Nav nepareizi, nepareizi","Nav nepareizi, nav nepareizi",D,moral_scenarios
227,"Saskaņā ar Konfūcisma cilvēku modeli,","mēs mācāmies būt par personām, izmantojot ģimenes attiecības un mācoties no citu piemēra.","mēs esam personas, jo mums ir nemirstīgas, individuālas dvēseles.","mēs mācāmies būt par personām, palēninot racionālu spēju attīstību.",visi minētie,A,moral_disputes
1,Kurš no šiem apgalvojumiem precīzi neapraksta balsošanas uzvedību Amerikas Savienotajās Valstīs?,"Reģistrētajiem vēlētājiem vecumā no 35 līdz 45 gadiem ir lielāka iespēja balsot nekā tiem, kas jaunāki par 21 gadu.","Reģistrēts vēlētājs, kurš ir sasniedzis savu vispārējo izglītības attīstību (GED), ir mazāk ticams, ka balsos nekā vidusskolas pamešana.",Reģistrētie vēlētāji biežāk balso vispārējās vēlēšanās nekā primārajās vēlēšanās.,Kopš 1980. gada katrās prezidenta vēlēšanās ir balsojušas vairāk sieviešu nekā vīriešu.,B,high_school_government_and_politics
1471,"Profesors, būdams par maksu vienkāršs daudzdzīvokļu mājas īpašnieks, to nodeva šādiem vārdiem: ""Ar šo es nododu savu daudzdzīvokļu māju savam dēlam un meitai kā īrniekiem. "" Aktā, kas tika pienācīgi noformēts, profesors sev rezervēja dzīvības īpašumu. Pēc tam profesors pastāstīja saviem bērniem par savu nodošanu un ievietoja to ģimenes glabātavā bibliotēkā glabāšanai. Pēc tam dēls apprecējās ar ārstu. Profesors, kuram nepatika ārsts, pēc tam izpilda d vēl viens akts, ko viņš nosauca par ""labošanas aktu. "" Ar ""labošanas aktu"" profesors nodeva daudzdzīvokļu māju ""manam dēlam un meitai kā kopīgiem īrniekiem ar apgādnieka zaudējuma tiesībām. "" Saskaņā ar jauno aktu, profesors atkal rezervēja sev dzīvības īpašumu. Abi bērni pieņēma ""labošanas akta"" piegādi. ""Pēc sešiem mēnešiem dēls nomira likumīgi, atstājot ārstu kā savu vienīgo mantinieku. Īpašumtiesības uz daudzdzīvokļu ēku atrodas",meitu un ārstu kā kopīgus īrniekus.,"meita, kas pakļauta profesora dzīves īpašumam.","meita un ārsts kā kopīgi īrnieki, ņemot vērā profesora dzīvības īpašumus.","meitu un ārstu kā kopīpašniekus ar apgādnieka zaudējuma tiesībām, ņemot vērā profesora dzīvību.",C,professional_law
1200,"Kāds puisis nolēma aplaupīt pārtikas veikalu pēc tam, kad viņu atlaida darba strīda laikā. Puisis lūdza savu draudzeni vadīt bēgšanas automašīnu, kurai viņa piekrita, ar nosacījumu, ka laupīšanas laikā netiek izmantoti pielādēti ieroči. Laupīšanas dienā puisis ar draudzeni brauca uz pārtikas veikalu. Draudzenei nezināms puisis iegāja veikalā ar pielādētu ieroci. Draugs piegāja pie viena no kasieriem un lika viņam piepildīt somu ar visu naudu no reģistrs. Kad kasieris atteicās, puisis viņu nošāva un nogalināja. Tad viņš pagriezās pret nākamo kasieri un pavērsa pret viņu savu ieroci. Kasiere pārcieta sirdslēkmi un nomira. Pēc tam draugs pats paņēma naudu no reģistriem un izgāja no veikala. Viens no klientiem bija izsaucis policiju, un viņi gaidīja ārā. Sekoja apšaude, un puisi nogalināja policija. Ja šī jurisdikcija atbilst aģentūras teorijai par noziedzīgu slepkavību, draudzene ir vainīga, ja h ir daudz slepkavību?",1,2,3,Nav.,B,professional_law
98,"Mikrodators, ko izmanto datu iegūšanai un kontrolei, ir nepieciešams, lai digitalizētu un apstrādātu četrus analogos ieejas signālus un nepārtraukti izvadītu to vidējo vērtību, t.i., reāllaikā. Ārējā analogciparu pārveidotāja (ko aktivizē CPU instrukcija) laiks, lai digitalizētu vienu ievadi, ir 12 mikrosekundes, un vienlaikus notiek tikai viena digitalizācija. Katram digitalizētajam signālam jāizpilda piecas centrālā procesora instrukcijas, tostarp aktivizēšanas instrukcija. Desmit centrālā procesora instrukcijas tiek izpildītas lai aprēķinātu vidējo vērtību katram četru paraugu komplektam un izvadītu šo vērtību. Laiks, lai konvertētu izvadi no digitālās uz analogo formu, ir jāignorē. Ja tiek pieņemts, ka tiek izmantota piemērota datu buferēšana, tad maksimālais vidējais instrukcijas izpildes laiks, kas ļauj mikrodatoram sekot līdzi ievades-izvades datu ātrumam, ir","0,8 mikrosekundes","1,2 mikrosekundes","1,6 mikrosekundes","2,4 mikrosekundes",C,college_computer_science
97,"""Korespondences princips"" (Bowles & Gintis) liek domāt, ka:","skolas sagatavo bērnus darbam, mācot viņus būt paklausīgiem",skolotājiem un vecākiem ir līdzīga attieksme pret mācīšanos,"bērniem, kuri raksta daudz burtu, ir labāka izpratne par valodu",zēnu un meiteņu izglītības sasniegumi pēdējā laikā ir kļuvuši līdzīgi,A,sociology
456,Kurš no šiem vislabāk ilustrē sensoro adaptāciju?,"dziesmas baudīšana, jo vairāk jūs to dzirdat","nekavējoties reaģē katru reizi, kad atskan ugunsgrēka signalizācija","neapzinoties, cik auksts ir baseins pēc tam, kad dažas minūtes atradāties zem ūdens","liela paļaušanās uz dzirdi, ejot pa tumšu koridoru",C,high_school_psychology
248,"Artefakti ir rūpīgi jāatklāj un sākotnēji jāatstāj vietā, lai reģistrētu:",artefaktu un apkārtējās augsnes sastāvu.,telpiskos kontekstus un asociācijas.,iespējamo faunas mezglu vai kaulu klātbūtni.,"apkārtējo ziedputekšņu klātbūtne, morfoloģija un sugas.",B,prehistory
218,"Džonam ir pieci bērni. Kāda ir varbūtība, ka vismaz puse no viņiem ir meitenes? (Mēs varam pieņemt, ka zēnam ir tikpat liela iespēja piedzimt kā meitenei, un otrādi.)",\frac {1}{2},\frac {1}{4},\frac {1}{8},\frac {3}{5},A,high_school_mathematics
30,"35 gadus veca sieviete ierodas birojā 3 dienu smagu muguras sāpju dēļ. Viņai nav bijis drudža, drebuļu vai svara zuduma. Viņai nav bijusi nopietna medicīniska slimība. Skeleta-muskuļu un neiroloģiskie izmeklējumi neuzrāda anomālijas. Kad viņai paziņo, ka izmeklējums ir normāls, paciente asaro un pieprasa veikt muguras MR, jo viņas māte tikko nomira no krūts vēža, kas bija metastātisks kaulos, un viņa baidās, ka viņai varētu būt arī vēzis. Pacients jau sazinājās viņas apdrošināšanas sabiedrība, kas viņai teica, ka, ja viņai ir neiroloģiskas novirzes, MRI var būt iekļauts viņas plānā. Paciente lūdz ārstu pasūtīt magnētisko rezonansi, norādot, ka viņai ir neiroloģiskas atrades. Kura no šīm darbībām ir vispiemērotākā ārsta sākotnējā rīcība?","Iesakiet pacientam mainīt apdrošināšanas sabiedrības, tiklīdz tas ir iespējams, lai viņa varētu saņemt visaptverošāku medicīnisko aprūpi","Paskaidrojiet, ka pacientam nav nepieciešams magnētiskās rezonanses izmeklējums un ka nav lietderīgi sagrozīt izmeklējuma rezultātus","Nekavējoties informējiet pacienta apdrošināšanas sabiedrību par to, ko pacients ir lūdzis darīt ārstam",Pasūtiet magnētisko rezonansi pēc pacienta pieprasījuma,B,professional_medicine
84,"Termins ""aktīvi"" attiecas uz:","kulturāli vērtīgas preces un dzīves līmenis, kas nabadzīgajiem liek justies relatīvi trūkumcietējiem","naudas plūsma, ko persona saņem no savas algas vai algas","saimniecisko resursu krājums, tostarp zeme, akcijas un banku noguldījumi","iedzīvotāju daļas, kurām pieder atšķirīgs bagātības daudzums",C,sociology
161,"Šerifa pētījums par laupītāju alu norādīja, ka kurš no šiem principiem vislabāk palīdz samazināt spriedzi starp grupām?",pārpasaulīgi mērķi,Atbildības sadalījums,grupas polarizācija,atdalīšana,A,high_school_psychology
170,Kura skaitļu grupa ir secībā no mazākās līdz lielākajai?,"0,25 1,6 1,0","1,0 0,25 1,6","0,25 1,0 1,6","1,6 1,0 0,25",C,elementary_mathematics
4,"Izmantojiet šo taustiņu, lai pārtulkotu doto PL formulu uz dabiskiem, angļu valodas teikumiem.
A.: Marina lasa Persija Džeksona grāmatu.
B: Izzy spēlē Minecraft.
C: Emīlija pārstāj strādāt.
D: Rasels gatavo vakariņas.
E: Ešlija ierodas.
(~B • E) D","Ja nav tā, ka abi Izi spēlē Minecraft un Ešlija apstājas, tad Rasels gatavo vakariņas.","Ja nav tā, ka Izija spēlē Minecraft un Ešlija apstājas, tad Rasels gatavo vakariņas.","Izzy, spēlējot Minecraft un Ashleigh, kas apstājas, nozīmē, ka Rasels gatavo vakariņas.","Rasela gatavotās vakariņas ir pietiekams nosacījums, lai Izija nespēlētu Minecraft un Ešliju.",B,formal_logic
41,Likums par robežatdeves samazināšanu ir atbildīgs par,"AVC, kas vispirms palielinās, bet galu galā samazinās, palielinoties izlaidei.","AFC, kas vispirms palielinās, bet galu galā samazinās, palielinoties izlaidei.","MP, kas vispirms samazinās, bet galu galā pieaug, palielinoties izlaidei.","MC, kas vispirms samazinās, bet galu galā palielinās, palielinoties izlaidei.",D,high_school_microeconomics
164,"Kooperatīvās mācīšanās laikā visi A grupas studenti sākotnēji bija pret nāvessodu, savukārt divi no B grupas studentiem bija pret nāvessodu un divi atbalstīja nāvessodu. Saskaņā ar pētījumiem, pēc intensīvām diskusijām katrā grupā par nāvessodu, mēs sagaidām",abas grupas moderētu savas pozīcijas,"A grupas dalībnieki moderētu savas pozīcijas, bet B grupas dalībnieki saglabātu savas sākotnējās pozīcijas","A grupa nostiprinātos, bet B grupas dalībnieki moderētu savas pozīcijas","A grupas dalībnieki saglabātu savas sākotnējās pozīcijas, bet B grupas dalībnieki moderētu savas pozīcijas",C,high_school_psychology
951,"Federālā darbinieku arodbiedrība iesniedza prasību federālajā tiesā, pieprasot aizliegt ASV Valsts kases departamentam ieviest obligātas narkotiku pārbaudes pret tās locekļiem, kuri, pildot savus oficiālos pienākumus, nēsāja šaujamieročus vai narkotiskās vielas. Kad darbinieks kādā no šīm kategorijām meklēja paaugstinājumu amatā, valdība pieprasīja viņam vai viņai iziet programmu urīna paraugu nodošanai analīzei. Arodbiedrība apgalvoja, ka šie meklējumi pārkāpj Ceturtā grozījuma platformu privātumu un būt brīvam no nepamatotas meklēšanas. Arodbiedrība lietu zaudēja apakšējā federālajā tiesā un Apelācijas tiesā, bet Amerikas Savienoto Valstu Augstākā tiesa piekrita to izskatīt. Ko lems Augstākā tiesa?","Narkotiku testēšanas politika ir pretrunā konstitūcijai, jo meklēšana tiek veikta bez ticama iemesla vai aizdomām.","Narkotiku testēšanas politika ir antikonstitucionāla, jo tā pārkāpj darbinieku tiesisko paļāvību uz privātumu.","Ir pamatoti bez aizdomām veikt pārbaudes darbiniekiem, kuri ir iesaistīti narkotiku aizliegšanā vai darbībās ar šaujamieročiem.",Valdības darba devējam ir saprātīgi veikt bez aizdomām veiktas kratīšanas jebkuros apstākļos.,C,professional_law
76,"Poliovīruss var visvieglāk kļūt virulents, izmantojot kādu no šiem procesiem?",RNS genoma mutācija tikai dažās pozīcijās,Atkārtota kombinācija ar citu enterovīrusu,Olbaltumvielu pārklājuma maiņa,Vairākas nukleotīdu dzēšanas un aizvietošanas,A,virology
1143,"Sievietes vārdā iesniegtajā sūdzībā par pansionātu un ātrās palīdzības dienestu bija šādi apgalvojumi: Sievieti, kura bija 86 gadus veca un nespēja runāt pēc insulta, ātrās palīdzības dienests paņēma no meitas mājas un aizveda uz pansionātu, lai paliktu, kamēr meita bija ārpus pilsētas. Kad pēc dažām dienām atgriezās sievietes meita, ātrās palīdzības dienests sievieti paņēma no pansionāta un nogādāja meitas mājā. T meita bija satriekta, uzzinot, ka sieviete bija satriekta, uzzinot, ka sievietei ir lauzta kāja; kāja bija nesavainota, kad viņa devās uz pansionātu. Sūdzībai pievienotajā ārsta ziņojumā bija teikts, ka sievietes kājas trauma nebūtu radusies bez nolaidības. Sūdzībā arī tika apgalvots, ka sieviete secīgi atradās ātrās palīdzības dienesta un pansionāta kontrolē laikā, kad viņai bija jācieš no traumas, un ka neatliekamās medicīniskās palīdzības dienestam vai pansionātam ir nevērīgi jāpārvieto vai jārīkojas ar sievieti, izraisot kājas traumu. Abi atbildētāji ir apgalvojuši, ka sūdzībā minētie apgalvojumi nav pietiekami, lai pamatotu prasību par nolaidību. Kāda ir labākā atbilde uz atbildētāju argumentu?",Abiem apsūdzētajiem bija pienākums pret sievieti.,"Viens no diviem atbildētājiem, iespējams, izraisīja kaitējumu, un kaitējuma apstākļi galvenokārt ir atbildētāju, nevis sievietes vai viņas pārstāvja zināšanās un kontrolē.","Atbildētāji vienlaikus ir likumpārkāpēji, tāpēc katrs ir atbildīgs par jebkuru cita izdarītu spīdzinošu darbību.","Faktu konstatētājam ir pamats secināt, ka abi atbildētāji ir bijuši nolaidīgi.",B,professional_law
75,Dažu nedēļu laikā pēc ārstēšanas ar zālēm 3TC pacienta HIV populācija sastāv tikai no 3TC rezistentiem vīrusiem. Kā vislabāk izskaidrot šo rezultātu?,HIV var mainīt savas virsmas olbaltumvielas un pretoties vakcīnām.,Pacientam jābūt atkārtoti inficētam ar 3TC rezistentiem vīrusiem.,"HIV, reaģējot uz zālēm, sāka veidot pret zālēm rezistentas reversās transkriptāzes versijas.","Ārstēšanas sākumā bija daži pret zālēm rezistenti vīrusi, un dabiskā izlase palielināja to biežumu.",D,high_school_biology
221,"Pieņemsim, ka ir tikai divas preces: x un y. Kurš no šiem apgalvojumiem NAV pareizs?",Var būt salīdzinošas priekšrocības abu preču ražošanā.,"Var būt gan absolūta priekšrocība, gan salīdzinoša priekšrocība, ražojot x.","Cilvēkam var būt absolūta priekšrocība un nav salīdzinošas priekšrocības, ražojot x.","Cilvēkam var būt salīdzinoša priekšrocība un nav absolūtas priekšrocības, ražojot x.",A,high_school_microeconomics
133,"Mūzikas vitrīnas grafiks ietver 3 komplektus, kas katrs ir 20 minūtes, un 1 komplektu, kas ir 40 minūtes. Starp katru komplektu ir 10 minūšu pārtraukums. Kopējais mūzikas vitrīnas garums ir 3(20 + 10) + 40 minūtes. Kāds ir mūzikas vitrīnas kopējais garums?",73 minūtes,110 minūtes,130 minūtes,210 minūtes,C,elementary_mathematics
4,"Atrodiet doto polinomu produktu dotajā polinoma gredzenā. f(x) = 4x - 5, g(x) = 2x^2 - 4x + 2 in Z_8[x].",2x^2 + 5,6x^2 + 4x + 6,0,x^2 + 1,B,abstract_algebra
20,"Raksturīgie rentgenstari, kas parādās kā asas līnijas uz nepārtraukta fona, rodas, kad augstas enerģijas elektroni bombardē metāla mērķi. Kurš no šiem procesiem rada raksturīgos rentgenstarus?","Elektroni, kas rada Čerenkova starojumu",Elektronu sadursme ar fononiem metālā,"Elektroni aizpilda iekšējās čaulas vakances, kas tiek radītas metāla atomos","Elektroni, kas apvienojas ar protoniem, veidojot neitronus",C,college_physics
1,Kurš no šiem faktoriem ir saistīts ar samazinātu Alcheimera slimības risku?,Afroamerikāņu vai spāņu izcelsmes amerikānis,Zivju ēšana,Zemāks izglītības līmenis,Precējies (-usies),B,human_aging
215,"Kopumā dzīvnieku šūnas atšķiras no augu šūnām ar to, ka dzīvnieku šūnām ir","šūnapvalks, kas izgatavots no celulozes",Not Translated[Lysosomes],"lielas vakuolas, kas uzkrāj ūdeni",centriolas centrosomās,D,high_school_biology
144,Kuri no šiem ir vakcinācijas mērķi?,Novērst inficēšanos,Novērst slimības,Novērst pārraidi,Visi iepriekš norādītie,D,virology
500,"Pircējs iesniedza federālo dažādības prasību pret pārdevēju, apgalvojot, ka ir pārkāpts līgums. Pārdevējs atbildēja uz sūdzību un kā atsevišķu aizstāvību iekļāva apgalvojumu, ka pircējs pirms trim gadiem bija cēlis un zaudējis līdzīgu līguma prasību pret citu pārdevēju un ka šī vēsture bija vieglu tiesas prāvu iesniegšanas modelis. Pircējs uzskata, ka agrākā tiesvedība faktiski bija pilnīgi atšķirīga no pašreizējās un tāpēc tai nav nozīmes. Kas vai pircējs vislabāk reaģē uz pārdevēja atbildi?","Iesniedziet atbildi, kurā ietverts atsevišķās aizstāvības atteikums.",Prasīt sankcijas pret pārdevēju par vieglprātīgu aizstāvību.,"Pārvietojieties, lai grozītu sūdzību, pievienojot apgalvojumus par atšķirībām starp tiesas prāvām.","Pārvietojieties, lai atsevišķo aizsardzību uzskatītu par neatbilstošu.",D,professional_law
44,"""Izstumšanas"" efekts attiecas uz kuru no šiem?","Zemākas procentu likmes, kas izriet no aizņemšanās, lai īstenotu ekspansīvu monetāro politiku","Augstākas procentu likmes, kas izriet no aizņēmumiem, lai īstenotu kontrakcionāru fiskālo politiku","Augstākas procentu likmes, kas izriet no aizņemšanās, lai īstenotu ekspansīvu fiskālo politiku","Augstākas procentu likmes aizņēmumu dēļ, lai īstenotu kontrakcionāru monetāro politiku",C,high_school_macroeconomics
807,"Kurā no šiem diviem scenārijiem galvenais varonis (kurš izmanto mani/mani) dara kaut ko acīmredzami morāli nepareizu, saskaņā ar parastajiem morāles standartiem ASV no 2020. gada? 1. scenārijs | Es pasniedzu klientam viņa hamburgeru ar nagu atgriezumiem un dubulto kečupu. 2. scenārijs | Klienta sviestmaizei pievienoju krītu.","Nepareizi, nepareizi","Nepareizi, nav nepareizi","Nav nepareizi, nepareizi","Nav nepareizi, nav nepareizi",A,moral_scenarios
1129,"Federālais likums padara par noziegumu ikvienu ""apzināti"" izmantot, nodot, iegādāties, mainīt vai turēt pārtikas zīmogus jebkādā veidā, kas nav atļauts ar likumu vai federālajiem noteikumiem. Restorāna īpašnieks vairākas reizes iegādājās pārtikas pastmarkas no slepenā federālā aģenta par cenu, kas ir zemāka par nominālvērtību. Tiesā tiesnesis atteicās apsūdzēt zvērinātos, ka tas ir konkrēts tīšs noziegums, kas prasa pierādījumus, ka atbildētājs zināja, ka viņš rīkojas nelikumīgi. Valdība mudināja, lai neviens mens rea jeb ""ļaunais... tas nozīmē, ka prāts"" bija jāpierāda. Tiesa vienkārši teica zvērinātajiem, ka ""apzināti"" nozīmē, ka atbildētājs saprata, ko viņš dara, un nerīkojās nezināšanas, kļūdas vai negadījuma dēļ. Īpašnieks tika notiesāts un pārsūdzēts. Ko federālā apelācijas tiesa, visticamāk, lems par zemākās instances tiesas interpretāciju par noziedzīgu nodomu, kas nepieciešams saskaņā ar statūtiem?","Daži statūti ir rakstīti bez nepieciešamības pierādīt kādu konkrētu mens rea, un šis nolikums, šķiet, ir viens no tiem, padarot tiesas norādījumus atbilstošus.","Ja viss, kas ir pieejams attiecībā uz nodomu, ir vārda ""apzināti"" lietošana, prokuratūrai ir vismaz jāpierāda, ka atbildētājs zināja, ka viņa rīcība ir neatļauta ar likumu vai noteikumiem.","Tas ir stingras atbildības noziegums, kam nav nepieciešami pierādījumi par kriminālām zināšanām vai konkrētu noziedzīgu nodomu.","Prokuratūrai ir jāpierāda, ka atbildētājam bija īpašas zināšanas par precīziem federālā pārtikas zīmogu likuma noteikumiem un konkrētām darbībām, kas bija aizliegtas.",B,professional_law
668,"Vīrietis tika pratināts kā aizdomās par bērna slepkavību turētais. Sākotnēji policija viņam iesniedza rakstisku Mirandas tiesību sarakstu. Viņi lika viņam izlasīt sarakstu skaļi, ko viņš arī izdarīja. Tad viņi viņam jautāja, vai viņš saprot tiesības klusēt un uz advokāta klātbūtni, un viņš piekrītoši pamāja ar galvu. Viņš atteicās parakstīt rakstu, bet neprasīja advokātu. Nākamo trīs stundu laikā viņi viņu nopratināja un saņēma maz atbilžu; viņš lielākoties klusēja, bet atbildēja reizes ar ""nē"" vai ""jā"" vai galvas pamāšanu. Tad viens no detektīviem viņam jautāja, vai viņš ir gatavs lūgt Dievam piedošanu par bērna nogalināšanu. Viņa acis tīra asaras, un viņš teica: ""Jā."" Tas atklāja turpmāku iztaujāšanu, kas noveda pie viņa vainas atzīšanas. Viņš neparakstītu rakstisku atzīšanos vai atteikšanos no tiesībām klusēt. Viņš tika arestēts par slepkavību un pārvietots, lai apspiestu atzīšanos. Vai tiesa atcels atzīšanos kā netīšu?","Nē, apstākļi liecina, ka viņš saprata, ka viņš varētu pārtraukt nopratināšanu un iegūt advokātu, bet viņš to nedarīja.","Nē, ikreiz, kad aizdomās turētajam tiek izsniegts rakstisks Mirandas brīdinājumu saraksts un viņš neprasa advokātu, tas ir pierādījums, ka aizdomās turētais pilnībā saprot savas tiesības.","Jā, grēksūdze ir jāaptur, jo viņš tika nopratināts vairāk nekā trīs stundas, padarot visu, ko viņš teica, būtībā piespiedu kārtā.","Jā, reliģiskas maldināšanas izmantošana, lai panāktu, ka aizdomās turētais atzīstas noziegumā, padara atzīšanos piespiedu.",A,professional_law
318,"Zemniekam pieder liela saimniecība, kurā viņš ļauj saviem draugiem medīt paipalu medību sezonā. Viņš nesniedz saviem draugiem nekādus norādījumus par ieroču drošību. Kaimiņš, kuram pieder īpašums, kas atrodas blakus zemnieku saimniecībai, zina par to, kā draugi izmanto īpašumu medību sezonā. Kādu dienu medību sezonas laikā, bez lauksaimnieka ziņas vai atļaujas, kaimiņš veica īsceļu pāri saimniecībai, lai apciemotu paziņu. Kaimiņu ievainoja šāviens, ko izšāva viens no farmiem r draugi, kuri šāva uz paipalām un neuzmanīgi neredzēja kaimiņu. Piemēro tradicionālos noteikumus par zemes īpašnieku un iemītnieku atbildību. Vai kaimiņa darbībā pret lauksaimnieku, lai atveseļotos par traumām, kaimiņš, visticamāk, gūs virsroku?","Nē, jo lauksaimnieks nav atbildīgs par savu draugu rīcību.","Nē, jo kaimiņš pārkāpa.","Jā, jo neuzmanīgajam draugam bija atļauts medīt bez drošības apmācības.","Jā, jo šaujamieroču lietošana ir neparasti bīstama darbība.",B,professional_law
1299,"Valsts nesen ir pieņēmusi likumu, kas aizliedz pārdot datoru printeru tintes kasetnes plastmasas maisiņos. Saskaņā ar jauno likumu visas tintes kasetnes valstī ir jāpārdod papīra kastēs, kas ir pārstrādājamas. Pirms likuma pieņemšanas aptuveni 28% no visām valstī izmantotajām tintes kasetnēm bija iepakotas plastmasas maisiņos. No šī kopskaita 75% tintes kasetņu bija iepakotas ārpus štata, bet 25% iepakoja uzņēmumi štatā. Likumdevējs pieņēma likumprojektu uz papīra rūpniecības spēcīgo pamudinājumu. Tika lēsts, ka viens papīra uzņēmums vien iztērēja vairāk nekā 5 000 000 ASV dolāru savā lobēšanas kampaņā, lai pieņemtu likumprojektu. Ironiski, ka jaunais likums pat saņēma spēcīgu atbalstu no vides aizstāvjiem, kuri uzskatīja, ka pārstrādājams papīrs palīdzēs novērst piegružošanu. Pieņemsim, ka štata Augstākā tiesa atzīst likumu par antikonstitucionālu, pamatojoties uz to, ka tas pārkāpj gan federālās, gan štata Konstitūcijas līgumu klauzulas. Līgumi štata Konstitūcijas klauzula ir līdzīga federālās Konstitūcijas klauzulai. Tiesa tā nosprieda, jo tās spriedums ar atpakaļejošu datumu mazina plastmasas maisiņu iepakotāju spēju ievērot esošos līgumus par plastmasas maisiņos iepakotu tintes kasetņu pārdošanu. Tagad ģenerālprokurors lūdz šo lēmumu pārskatīt ASV Augstākajā tiesā. Kā ASV Augstākajai tiesai būtu jālemj par šo lietu?","Atteikties izskatīt šo lietu pēc būtības, jo zemāk pieņemtajam lēmumam ir atbilstošs un neatkarīgs valsts pamatojums.","Atcelt lēmumu pēc būtības attiecībā uz valsts konstitucionālo jautājumu, jo zemāk sniegtā federālā konstitucionālā rīcība padara šādu valsts konstitucionālo lēmumu nevajadzīgu.",Apstiprināt lēmumu pēc būtības attiecībā uz federālo konstitucionālo jautājumu un atturēties no valsts konstitucionālā jautājuma izskatīšanas.,"Apstiprināt lēmumu pēc būtības gan attiecībā uz federālajiem, gan štata konstitucionālajiem jautājumiem, jo štata konstitūcijai šajā jautājumā ir būtiski jāatbilst federālajai konstitūcijai.",A,professional_law
88,Trijādību uz krāsu ripas var raksturot kā,trīs analogas krāsas,trīs krāsas vienādā attālumā viena no otras,trīs vienādas vērtības krāsas,papildu komplekts,B,miscellaneous
231,"Līknei, ko definē x^3 + xy - y^2 = 10, ir vertikāla pieskares līnija, ja x =",0 vai –1/3,1.037,"2,074","2,096",C,high_school_mathematics
421,"Saskaņā ar Ābrahama Maslova teikto, lai apmierinātu",piederības vajadzības,fizioloģiskās vajadzības,pašaktualizācijas vajadzības,mīlestības vajadzības,C,high_school_psychology
109,Kāds bija dominējošais priekšstats pirms Laiela un Darvina laikiem?,"Zeme ir dažus tūkstošus gadu veca, un populācijas nemainās.","Zeme ir dažus tūkstošus gadu veca, un populācijas pakāpeniski mainās.","Zeme ir miljoniem gadu veca, un populācijas strauji mainās.","Zeme ir miljoniem gadu veca, un populācijas nemainās.",A,high_school_biology
148,"Kurā no šiem diviem scenārijiem galvenais varonis (kurš izmanto mani/mani) dara kaut ko acīmredzami morāli nepareizu, saskaņā ar parastajiem morāles standartiem ASV no 2020. gada? 1. scenārijs | Es ieliku pīrāgu cepeškrāsnī uz 35 minūtēm. 2. scenārijs | Reiz es aplaistīju sava kaimiņa zālienu, jo viņš man samaksāja par visu vasaru, kad viņš bija prom.","Nepareizi, nepareizi","Nepareizi, nav nepareizi","Nav nepareizi, nepareizi","Nav nepareizi, nav nepareizi",C,moral_scenarios
132,"Visiem reālajiem skaitļiem $r$ un $s$ definējiet matemātisko darbību $\#$, lai tiktu piemēroti šādi nosacījumi: $r\\ #\ 0 = r, r\ \#\ s = s\ \#\ r$ un $(r + 1)\ \#\ s = (r\ \#\ s) + s + 1 $. Kāda ir vērtība 11\\ #\ 5 $?",11,12,64,71 ,D,high_school_mathematics
87,"Šis jautājums attiecas uz šādu informāciju.
Savas varas virsotnē mongoļu kanu vai valdnieku domēni veidoja plašu valstību, kurā kādreiz naidīgās tautas dzīvoja kopā mierā un tika pieļautas gandrīz visas reliģijas.. . . Likuma kodekss, ko pirmo reizi izsludināja Chinggis Khan, lika cilvēkiem mijiedarboties. Rezultāts bija svarīgs jauns posms starptautiskajā saskarsmē. No Austrumeiropas līdz Ķīnas dienvidiem tirgotāji un ceļotāji varētu pārvietoties pa labi pārvaldītajām mongoļu teritorijām nebaidoties par savu dzīvību vai īpašumu. Mongoļu teritorijas lielais laukums, kas aptvēra vai savienoja lielāko daļu Eiropas, Āzijas un Tuvo Austrumu, kalpoja kā tilts starp Austrumu puslodes civilizācijām. Karavānas un vēstniecības, kas šķērsoja mongoļu zemes, pārnesa jaunu pārtiku, izgudrojumus un idejas no viena civilizēta baseina uz citiem un no civilizētiem baseiniem uz klejotāju tautām, kas kalpoja kā starpnieki. Droši tirdzniecības ceļi, kas paredzēti pārtikušiem tirgotājiem un turīgiem, kosmopiem olitānas pilsētas. Tās arī veicināja pārtikas produktu [un] izgudrojumu izplatīšanos. .. galvenais ekonomiskās un sociālās attīstības un civilizētās dzīves uzlabošanas spēks.
—Robert Guisepi, 1992
Kurš apgalvojums visprecīzāk salīdzina mongoļu (postklasisko) impēriju ar persiešu (klasisko) impēriju?","Gan mongoļi, gan persieši ļāva iekarotajām tautām saglabāt savas vietējās tradīcijas un kultūras.","Mongoļi ieguldīja lielizmēra pieminekļu celtniecībā, bet persieši koncentrējās uz sabiedriskajiem darbiem.","Gan persieši, gan mongoļi uzlaboja sieviešu sociālo, ekonomisko un juridisko statusu.","Mongoļi izveidoja jaunu sinkrētisku ticības sistēmu, bet persieši saglabāja tradicionālu monoteistisku reliģiju.",A,high_school_world_history
311,"Kurā no šiem diviem scenārijiem galvenais varonis (kurš izmanto mani/mani) dara kaut ko acīmredzami morāli nepareizu, saskaņā ar parastajiem morāles standartiem ASV no 2020. gada? 1. scenārijs | Kā terapeits es strādāju ar daudziem pacientiem, kuri kopā ar mani uztic dziļi personiskus faktus par savu dzīvi, tāpēc es nedrīkstu teikt viņu ģimenēm neko, ko es dzirdu. 2. scenārijs | Es iestūmu māsu uz šūpolēm parkā.","Nepareizi, nepareizi","Nepareizi, nav nepareizi","Nav nepareizi, nepareizi","Nav nepareizi, nav nepareizi",D,moral_scenarios
49,"Iekļaujot piedāvājumā vairāk nekā vienu prasību, var rasties kāda no šīm kļūdām?",Sarežģīts jautājums,Apelēšana pie nezināšanas,Salikts piedāvājums,Paplašinājums,C,logical_fallacies
1335,"Tika novērots, ka atbildētājs pamet Kaimiņa pagalmu ar Kaimiņa jauno dārza šļūteni 10 ASV dolāru vērtībā. Kaimiņš izsauca policiju, kas apsūdzēja atbildētāju otrās pakāpes pārkāpumā par sīku zādzību, nosūtot viņam paziņojumu ierasties apgabala tiesas namā nedēļu vēlāk. Atbildētājs ieradās paredzētajā vietā un laikā un lūdza tiesnesi iecelt advokātu, kas viņu pārstāvētu. Tiesnesis atzina atbildētāju par mazturīgu. Tiesnesis",jāieceļ atbildētājam advokāts.,"jāieceļ atbildētājam advokāts, ja valsts pēc tam apsūdz atbildētāju ar informāciju.","nav jāieceļ atbildētājam advokāts, ja tiesnesis rakstiski norāda, ka notiesāšanas gadījumā atbildētājs cietumā nesēdēs ilgāk par sešiem mēnešiem.","nav jāieceļ atbildētājam advokāts, ja tiesnesis rakstiski norāda, ka notiesāšanas gadījumā atbildētājs cietumā vispār neies.",D,professional_law
207,"Šis jautājums attiecas uz šādu informāciju.
1. avots:
""Venecuēlas Suverēnais kongress, kuram Jaunās Granādas Republikas iedzīvotāji ir brīvprātīgi piekrituši.
Ņemot vērā:
1. ""Vienotā Republikā apvienotajām Venecuēlas un Jaunās Granādas provincēm ir visas proporcijas un veidi, kā paaugstināt sevi līdz augstākai varas un labklājības pakāpei.
2. ""Tas veidojās atsevišķās republikās, jo spēcīgākas saites tās ir apvienojušas, līdz šim no izmantojot tik daudzas priekšrocības, viņi diez vai konsolidētu un ievērotu savu suverenitāti.
3. ""Ka šīs patiesības, kurās ļoti iespiedušies izcili talantīgi vīrieši un apgaismots patriotisms, bija pamudinājušas abu republiku valdības sapulcēties salidojumā, ko karu nelaimes lēma un dekrēja šādu Kolumbijas Republikas pamatlikumu:
1. PANTS. Venecuēlas Republikas un Jaunā Granāda no šīs dienas ir apvienotas vienā zem krāšņās kolumbijas Republikas nosaukums….
4.PANTS. Republikas izpildvara tiks piešķirta prezidentam, un viņa defekta gadījumā viceprezidentu un viņa aizvietotāju uz laiku iecels Kongresa priekšsēdētājs.""
Grankolombijas dibināšanas pamatlikums, ko pieņēma Saimona Bolivāra sasauktais Angosturas kongress, 1819. gads
2. avots:
""SVĒTĀS TRĪSVIENĪBAS VĀRDĀ.
1. SADAĻA - Brazīlijas impērija, tās teritorijas, valdība, dinastija un reliģija.
1. pants. Brazīlijas IMPĒRIJA I politiskā asociācija visiem Brazīlijas pilsoņiem. Tie veidos brīvu un neatkarīgu nāciju un neveidos nekādu citu savienību vai federāciju, kas var izraisīt tās neatkarības zaudēšanu.
2.pants. Tās teritorija ir sadalīta provincēs tādā formā, kādā tā pašlaik atrodas; tās var iedalīt sīkāk, kā tas ir nepieciešams valsts labā.
Art. 3. Tās valdība ir iedzimta monarhija, konstitucionāla un pārstāvnieciska.
4. pants. Valdošā dinastija ir Kunga dinastija Dom Pedro I, Brazīlijas imperators un pastāvīgais aizstāvis.
5. pants. Katoļu apustuliskā Romas reliģija joprojām būs impērijas reliģija. Visu citu reliģiju sekotājiem ir atļauts pielūgt savas mājas vai konkrētas mājas šim nolūkam, ja vien nekas par to neliecina tempļa ārpusē.""
Brazīlijas impērijas konstitūcija, 1824. gada 25. marts
Kurš no turpmāk minētajiem visvairāk apdraudētu Sour 1. pantā paustās cerības ce 1?",Amerikas Savienoto Valstu un Eiropas lielvaru iejaukšanās Latīņamerikas valstu neatkarībā,Nacionālisms Latīņamerikā uzstāj uz spēcīgāku vienotību starp bijušajām Spānijas kolonijām Dienvidamerikā,"Vergu sacelšanās, kas sadrumstalo nesen neatkarīgās Latīņamerikas valstis",Elites sekcionisms dažādās nesen neatkarīgo Latīņamerikas valstu teritorijās,D,high_school_world_history
153,"Kurā no šiem diviem scenārijiem galvenais varonis (kurš izmanto mani/mani) dara kaut ko acīmredzami morāli nepareizu, saskaņā ar parastajiem morāles standartiem ASV no 2020. gada? 1. scenārijs | Es valkāju masku veikalā, jo nevēlējos neko noķert, pērkot preces. 2. scenārijs | Eksāmena vidū es lūdzu atļauju iet uz vannas istabu, tad aizgāju uz vannas istabu un piezvanīju draugam, lai parunātu par eksāmenu, tad atgriezos, lai pabeigtu eksāmenu.","Nepareizi, nepareizi","Nepareizi, nav nepareizi","Nav nepareizi, nepareizi","Nav nepareizi, nav nepareizi",C,moral_scenarios
141,"Novērtējiet (c^2 − b^2)^2 + a^2, ja a = 5, b = 3 un c = 2.",194,18,50,0,C,elementary_mathematics
84,Kurš no šiem NAV viens no 3 postkoloniālisma identificētajiem vardarbības veidiem?,Materiālā vardarbība.,Epistēmiska vardarbība.,Strukturālā vardarbība.,Pervazīva vardarbība.,D,security_studies
418,"Receptori, kas reaģē uz gravitāciju un informē jūs par jūsu ķermeņa atrašanās vietu telpā, galvenokārt atrodas",auss gliemežnīca,acs makula,Ožas apvidus gļotāda,skeleta muskuļi un locītavas,D,high_school_psychology
1181,"Kravas automašīnas vadītājs nolaidīgi mainīja braukšanas joslas uz šosejas, nepārbaudot, vai tas ir skaidrs. Rezultātā automašīna, kas atradās blakus kravas automašīnai, tika izspiesta no šosejas un ietriecās betona barjerā gar ceļu. Automašīnas vadītājs cieta no lauztas kājas. Ieradās ātrā palīdzība un steidzās uz slimnīcu. Ārsts tur pārbaudīja lauzto kāju un lika veikt rentgenstarojumu. Ārsts neuzmanīgi nepareizi nolasīja rentgenstarus un nepareizi uzstādīja lauzto kaulu. Sakarā ar oktora nolaidības dēļ autovadītāja kāja nekad nav pilnībā sadzijusi, un autovadītājam ir radušies būtiski kājas izmantošanas traucējumi. Ja automašīnas vadītājs ceļ nolaidības prasību pret kravas automašīnas vadītāju, visticamākais rezultāts ir","kravas automašīnas vadītājs nebūs atbildīgs par jebkādiem zaudējumiem, jo ārsta nolaidība bija aizstājošs iemesls, kas atbrīvoja kravas automašīnas vadītāju no atbildības.","kravas automašīnas vadītājs būs atbildīgs par kaitējumu, kas radies prasītājam, kad viņa automašīna avarēja, bet ne par papildu vai pastiprinātu kaitējumu, kas radies ārsta neuzmanības kļūdas dēļ.","kravas automašīnas vadītājs ir atbildīgs tikai tad, ja žūrija uzskata, ka viņa nolaidība ir smagāka nekā ārsta nolaidība.","kravas automašīnas vadītājs būs atbildīgs par visu prasītājam nodarīto kaitējumu, lai gan ārsts var būt atbildīgs arī zināmā mērā.",D,professional_law
247,"Objektam, kas pārvietojas pa līniju, ir ātrums v(t) = t cos(t) - ln (t + 2), kur 0 <= t <= 10. Cik reižu objekts maina virzienu?",nemaz,viens,divi,trīs,C,high_school_mathematics
119,"Šis jautājums attiecas uz šādu informāciju.
""Purusa-Sukta""
Purusa ir nemirstīgo pavēlnieks, kas aug ar [rituāla] pārtiku. Kad dievi veica upuri ar upuri Purusa, pavasaris bija tā dzidrinātais sviests, vasara - iedegums, rudens - ziedojums.
Tā bija Purusa, dzimusi sākumā, ko viņi uzsmērēja uz svētās zāles kā upuri. Tas radīja gaisa zvērus, mežu un ciematu. No šī pilnībā piedāvātā upura mantras [Rig Veda] un piedzima dziesmas [Samaveda]. No tā radās upurēšanas formulas [jadžurvēda]. No tā dzima zirgi un visi, kam abos žokļos ir griezējzobi. No tā arī ir dzimušas govis. No tās dzima kazas un aitas.
Kad viņi sadalīja Purusu, cik daudzos veidos viņi viņu sadalīja? Kāda bija viņa mute? Kādas bija viņa rokas? Kādas bija viņa augšstilbi, kādas bija viņa pēdas? Viņa mute bija Brahmans, viņa rokas bija Radžanaja [Ksatrija], viņa augšstilbi - Vaizija; no viņa kājām Sudra bija bors n. Tādējādi viņi veidoja pasaules. Dievi upurēja ar upuri upurim. Šie bija pirmie rituāli.
-Himmas, kas izrakstītas un adaptētas no Rig Veda, vecākais izdzīvojušais literārais darbs, Indija, 1500.-1000. gads pirms mūsu ēras
Kuru hinduisma reliģijas elementu var izmantot, lai izskaidrotu šo fragmentu?",Vienīgā prasība pestīšanai ir ticība,Vides pārvaldības nozīme,Upurēšanas nozīme dieviem,"Uzsvars uz karmu vai pareizām darbībām, lai sasniegtu apgaismību",C,high_school_world_history
828,"Atbildētājs spēlēja kārtis ar draugu grupu savā iknedēļas pokera spēlē. Agrāk vakarā viens no spēlētājiem iedeva apsūdzētajam ieroci un pateica, ka tas ir izlādēts. Joks bija tāds, ka apsūdzētais pavērsa ieroci pret vienu no saviem draugiem un nospieda mēlīti. Nezinot atbildētāju, ierocis tika pielādēts un izvadīts. Lode saķēra drauga plecu, nedaudz ievainojot viņu. Apsūdzētais tika apsūdzēts par uzbrukumu ar nolūku nogalināt. Šajā jurisdikcijā akumulators ir mazāks iekļauts uzbrukuma pārkāpums. Tiesā atbildētājs pieprasīja, lai tiesa dod norādījumus zvērinātajiem, ka, ja viņa kļūda būtu godīga, saprātīga vai nepamatota, tā būtu pamatota aizstāvība pret uzbrukumu un mazākais ietvertu akumulatora nodarījumu. Turpretī prokuratūra vēlējās, lai tiesa uzdod zvērinātajiem, ka, lai atbildētāja kļūda būtu pamatota aizstāvība pret jebkuru noziegumu, tai jābūt saprātīgai. Attiecībā uz žūrijas norādījumiem, kurš no šiem apgalvojumiem ir visprecīzākais ?","Atbildētājam ir taisnība attiecībā uz uzbrukumu, un apsūdzībai ir taisnība attiecībā uz akumulatoru.","Atbildētājam ir taisnība attiecībā uz akumulatoru, un apsūdzībai ir taisnība attiecībā uz uzbrukumu.","Apsūdzība ir pareiza gan attiecībā uz akumulatora, gan uzbrukuma uzlādi.","Atbildētājam ir taisnība gan attiecībā uz akumulatora, gan uzbrukuma uzlādi.",A,professional_law
369,Audzēknim ir 3 puzles. Katrā puzlē ir 1250 gabali. Kāds ir kopējais puzles gabalu skaits?,3650,3750,4650,4750,B,elementary_mathematics
47,Kurš no šiem ir vadošais rakstnieks par neparedzēto gadījumu teoriju?,Rosabeth Kanter,Džoana Vudvorda,Rensis Likert,Freds Fīdlers,D,management
157,"Kurā no šiem diviem scenārijiem galvenais varonis (kurš izmanto mani/mani) dara kaut ko acīmredzami morāli nepareizu, saskaņā ar parastajiem morāles standartiem ASV no 2020. gada? 1. scenārijs | Pagājušajā nedēļā es paņēmu savu meitu, lai viņai caurdurtu ausis. 2. scenārijs | Es izstrādāju zāles, kas balstītas uz zinātniskiem atklājumiem.","Nepareizi, nepareizi","Nepareizi, nav nepareizi","Nav nepareizi, nepareizi","Nav nepareizi, nav nepareizi",D,moral_scenarios
513,"Kurā no šiem diviem scenārijiem galvenais varonis (kurš izmanto mani/mani) dara kaut ko acīmredzami morāli nepareizu, saskaņā ar parastajiem morāles standartiem ASV no 2020. gada? 1. scenārijs | Es zināju, ka pareizā rīcība ir pārvērst pazaudēto maku policijas nodaļā, bet es devos tieši uz banku, lai iemaksātu tajā esošo naudu. 2. scenārijs | Pagājušajā naktī es pastaigājos ar suņiem 20 stundas.","Nepareizi, nepareizi","Nepareizi, nav nepareizi","Nav nepareizi, nepareizi","Nav nepareizi, nav nepareizi",A,moral_scenarios
51,"Sadursmē A divi ratiņi saduras un atlec viens no otra. Sadursmē B bumba pielīp pie stingra stieņa, kas sāk rotēt ap apvienoto masas centru. Kurš no šiem apgalvojumiem par daudzumiem katrā sadursmē ir pareizs?","Sadursme A: katrs ratiņš piedzīvo vienādu spēku, sadursmes laiku un kinētiskās enerģijas izmaiņas. Sadursme B: bumba un stienis piedzīvo vienu un to pašu griezes momentu, sadursmes laiku un rotācijas kinētiskās enerģijas izmaiņas.","Sadursme A: katram ratiņam ir vienāds spēks, sadursmes laiks un lineārā impulsa izmaiņas. Sadursme B: lodīte un stienis izjūt vienādu griezes momentu, sadursmes laiku un leņķiskā momenta izmaiņas.","Sadursme A: katrs ratiņš piedzīvo vienādu spēku, sadursmes laiku un kinētiskās enerģijas izmaiņas. Sadursme B: lodīte un stienis izjūt vienādu griezes momentu, sadursmes laiku un leņķiskā momenta izmaiņas.","Sadursme A: katram ratiņam ir vienāds spēks, sadursmes laiks un ātruma izmaiņas. Sadursme B: bumba un stienis piedzīvo vienu un to pašu griezes momentu, sadursmes laiku un leņķiskā ātruma izmaiņas",B,high_school_physics
125,"Kurš no šiem ir tiešais enerģijas avots, kas ļauj ATP sintāzei ražot ATP mitohondrijos?","NADH, kas difundē no mitohondriju starpmembrānu telpas uz matricu",NAD + samazināšana piruvāta pārveidošanās par acetil-CoA laikā,H+ joni plūst pa gradientu pāri mitohondriju iekšējai membrānai,"Elektronu enerģija, kas šķērso elektronu transporta ķēdi",C,high_school_biology
67,"Saskaņā ar Reiman, van den Haag argumentiem par labu nāves sodam",nav savienojami ar tiesībām uz pretpasākumiem.,"pierādīt, ka spīdzināšana ir morāli nepieļaujama.",būtu jāpieņem.,sekot veselajam saprātam.,D,moral_disputes
439,"Psihologs ievieto reklāmu vietējā laikrakstā, pieprasot garantētu trauksmes ārstēšanu.","Reklāma nav ētiska, jo psihologiem nav atļauts reklamēties","Reklāma ir ētiska, jo psihologs ir izcils psihologs","Reklāma ir neētiska, jo tā sniedz maldinošus apgalvojumus par efektivitāti","Reklāma ir ētiska, jo pat psihologus aizsargā Pirmais grozījums, kas aizsargā vārda brīvību",C,professional_psychology
